MAE,R2
1970.270586404802,0.8849865996015188
