MAE,R2
1764.735774958372,0.864237704126433
